title,weight,price
Marina Cooking Oil 500ml,500ml,Rs. 685
Pure Dale Kirithe 40g,40g,Rs. 88
Munchee Baby Rusks 60g,60g,Rs. 160
Munchee Crunchy Carols 300g,300g,Rs. 400
Fadna Shape Up Tea 15 Bags,,Rs. 840
Fadna Tummy Tea 15 Bags,,Rs. 840
Eden Foods Organic Sesame Oil,,"Rs. 1,900"
Garlic,1Kg,Rs. 696
Oil Paper,,Rs. 30
Kist Apple Nectar 200ml,200ml,Rs. 80
Kist Wood Apple Nectar 200ml,200ml,Rs. 120
Kist Aloe Vera Drink 500ml,500ml,Rs. 250
Happy Cow Cheese Wedges 120g,120g,Rs. 736
Kotmale Cheese Processed Slices 1Kg,1Kg,"Rs. 4,200"
MD Vanilla Pudding 150g,150g,Rs. 150
MD Mustard Cream 360g,360g,Rs. 730
MD Mango Chutney 460g,460g,Rs. 400
Magic Ice Cream Fruit & Nut 1L,1L,Rs. 650
Magic Ice cream Vanilla & Chocolate 1L,1L,Rs. 480
Magic Ice cream Chocolate 1L,1L,Rs. 470
Magic Ice cream Vanilla 1L,1L,Rs. 480
Magic Ice cream Chocolate 2L,2L,Rs. 980
Magic Ice cream Vanilla & Chocolate 2L,2L,Rs. 850
Magic Ice Cream Fruit & Nut 2L,2L,"Rs. 1,150"
Magic Ice cream Vanilla 2L,2L,Rs. 800
Ruhunu Goraka Pieces 100g,100g,Rs. 120
4rever Aloe Lavender Body Wash 200ml,200ml,Rs. 450
4rever Hibiscus Body Wash 200ml,200ml,Rs. 450
4rever Silicone 50ml,50ml,Rs. 300
MDK Vegetable Chinese Rolls (25 Rolls) 1250g,1250g,"Rs. 1,250"
MDK Vegetable Patties 15Pcs 500g,500g,Rs. 605
MDK Parata Rotti,5Pcs 500g,Rs. 385
MDK Idli 500g,500g,Rs. 345
Rich Life Set Yoghurt 950ml,950ml,Rs. 525
4rever Kohomba Kaha Whitening Face Wash 100ml,100ml,Rs. 360
Baby Cheramy Cologne 100ml,100ml,Rs. 475
Sustagen Milk Powder Tin 400g,400g,"Rs. 3,900"
Sunsilk Shampoo Green Tea and lemon 80ml,80ml,Rs. 180
MDK Koththu Rotti 1kg,1kg,Rs. 500
Rich Life Set Yoghurt 500ml,500ml,Rs. 300
Kist Orange Juice 1L ,1L,Rs. 450
Kist Apple Juice 1L,Green,Rs. 750
Sunsilk Shampoo Co Creations Long & Healthy Growth 180ml,180ml,Rs. 325
Maliban Non Fat Milk Powder 400g,400g,Rs. 1
Lifebuoy Handwash Green Tea 200ml,200ml,Rs. 290
Sunlight Care Pearls 600 ml,600 ml,Rs. 260
Munchee Choco Cream Biscuit 400g,400g,Rs. 390
MD Mango Jam 225g,225g,Rs. 290
MD Strawberry Flavoured Jelly 100g,100g,Rs. 110
Motha Icing Sugar 1Kg,1Kg,Rs. 540
Motha Mix Fruit Flavoured Jelly 50g,50g,Rs. 60
Motha Apple Flavoured Jelly 200g,200g,Rs. 210
Motha Woodapple Flavoured Jelly 100g,100g,Rs. 125
Motha Rambutan Flavoured Jelly 100g,100g,Rs. 230
Red Raw Rice 5Kg,5Kg,Rs. 975
Kotmale Curd 900ml,900ml,Rs. 90
Kotmale Curd 450ml,450ml,Rs. 380
Sunlight Clean & Lemon Washing Powder 500g,500g,Rs. 215
Sunsilk Shampoo Damage Restore King Coconut oil 80ml,80ml,Rs. 245
Sunsilk Shampoo Stunning Black Shine 80ml,80ml,Rs. 190
Sunsilk Shampoo Coconut Water Aloe Vera 80ml,80ml,Rs. 190
Ruhunu Ata Piti 400g,400g,Rs. 125
Elephant House Full Cream Milk 1Ltr,1L,Rs. 280
Wijaya Tea 500g,500g,"Rs. 1,130"
MD Mango Jam 100g,100g,Rs. 55
MD  Strawberry Jam 100g,100g,Rs. 160
Magic Ice cream Vanilla & Chocolate Cup,,Rs. 60
Munchee Gem Biscuits 40g,40g,Rs. 25
Munchee Snak Crackers Biscuit 30g,30g,Rs. 65
Sunsilk Conditioner Stuning Black Shine 180ml,180ml,Rs. 250
Sunlight Detergent Powder Lemon & Rose 200g,200g,Rs. 55
Ruhunu Cumin Seed 100g,100g,Rs. 290
Pure Dale Full Cream Milk Powder 1Kg,1Kg,"Rs. 2,850"
Ruhunu Sugar Candy 100g,100g,Rs. 60
Ruhunu Mustard Powder 50g,50g,Rs. 65
Kotmale Set Yogurt 80g,80g,Rs. 70
Kist Chilli Sauce 375g,375g,Rs. 325
Lucky Yogurt 500ml,500ml,Rs. 225
Lucky Yogurt Family Pack 1L,1L,Rs. 550
Ruhunu Goraka Pieces 250g,250g,Rs. 235
Ruhunu Pepper Powder 100g,100g,Rs. 210
4rver Tea Tree Oil Foaming Face Wash 100ml,100ml,Rs. 360
4rever Kohomba Kaha Moisturizer Cream 60g,60g,Rs. 370
Motha Strawberry Flavoured Jelly 500g,500g,Rs. 490
Zesta Green Tea 25s 45g,45g,Rs. 180
Kotmale Chocolate Milk Packet 170ml,170ml,Rs. 100
Kotmale Vanilla Milk Packet 170ml,170ml,Rs. 100
Kotmale fresh milk 180ml,180ml,Rs. 130
Kotmale Full Cream Fresh Milk Packet 1L,1L,Rs. 550
Munchee Stix Rolled wafer Vanilla 55g,55g,Rs. 140
Baby Cheramy Almond Baby Cream 400ml,400ml,Rs. 950
Baby Cheramy Regular Almond Cream 200ml,200ml,Rs. 560
Baby Cheramy Cream Floral 200ml,200ml,Rs. 350
Magic Cubes 60ml,60ml,Rs. 80
Elephant House Ice Cream Fruit & Nut 80ml,80ml,Rs. 100
Elephant House Ice Cream Chocolate 500ml,500ml,Rs. 310
MD Tomato Sauce 15g,15g,Rs. 11
MD Mixed Fruit Jelly 500g,500g,Rs. 420
MD Stoberry Jelly 500g,500g,Rs. 420
Mabroc Premium Green Tea Bags 25s 45g,45g,Rs. 175
Mabroc Premium Black Tea Bags 25s 45g,45g,Rs. 175
Kist Jam 150g,150g,Rs. 50
Kist Mango & Passion Nectar 200ml,200ml,Rs. 60
Lucky Yogurt 80ml,80ml,Rs. 70
Highland Yoghurt 90g,90g,Rs. 70
Wijaya Tea 100g,100g,Rs. 220
Wijaya Atta Piti 1Kg,1Kg,Rs. 240
Nan Grow Milk Powder - 4 300g,300g,"Rs. 2,500"
Sunlight Detergent 2In1 Clean & Jasmine 500g,500g,Rs. 280
4ever Hibiscus Face Wash 50ml,50ml,Rs. 175
4ever Lunuwila Face Wash 50ml,50ml,Rs. 175
4ever Aloe Lavender Face Wash 50ml,50ml,Rs. 195
Baby Cheramy Herbal Cream 100ml,100ml,Rs. 220
Sunlight Detergent 2In1 Clean & Jasmine 1Kg,1Kg,Rs. 430
Red Rice 10Kg,10Kg,"Rs. 1,950"
White Rice 10Kg,10Kg,"Rs. 2,000"
Maliban Biscuit Double Twist Cookies 85g,85g,Rs. 220
Nestea Iced Tea Lemon Flavor 1Kg,1Kg,"Rs. 2,350"
Motha Gelatine 100g,100g,Rs. 420
Motha Icing Sugar 500g,500g,Rs. 320
Motha Cocoa Powder 100g,100g,Rs. 750
Ruhunu Ata Piti 1Kg,1Kg,Rs. 270
Ruhunu Gram Flour 200g,200g,Rs. 140
Wijaya black tea 100g,100g,Rs. 100
Maliban Gift Selection Biscuit Assortment 400g,400g,Rs. 800
Sunlight Care Pearls 1L,1L,Rs. 950
Sunlight Detergent Powder Lemon & Rose 60g,60g,Rs. 10
Wijaya Coffee 50g,50g,Rs. 150
Baby Cheramy Cologne Sparkle Stardust Floral 50ml,50ml,Rs. 148
MD Mango Nectar 1L,1L,Rs. 260
MD Aloe Vera Drink 500ml,500ml,Rs. 160
MD Mango Nectar 200ml,200ml,Rs. 60
MD Mango Nectar 500ml,500ml,Rs. 140
MD Pineapple Jam 300g,300g,Rs. 350
MD Chilli Sauce 200g,200g,Rs. 195
Motha Blackcurrant Flavoured Jelly 100g,100g,Rs. 125
Motha Corn Flour 100g,100g,Rs. 90
Munchee Savoury Nut Biscuit 30g,30g,Rs. 65
Munchee Onion Biscuit 30g,30g,Rs. 65
Kandos Crispy Malt Milk Chocolate 40g,40g,Rs. 50
Kist Apple Nectar Juice 1000ml,1000ml,Rs. 260
Kist Aloe Vera Drink 200ml,200ml,Rs. 120
Ruhunu Papadam Loos,,Rs. 860
Munchee Salsa Biscuit 30g,30g,Rs. 50
Munchee Cheese Buttons Biscuit 20g,20g,Rs. 50
Magic Ice cream Ribbon Chocolate 1L,1L,Rs. 750
Elephant House Ice Cream Wonder Bar Chocolate 70ml,70ml,Rs. 120
Elephant House Ice Cream Wonder Bar Chocolate & Vanila 70ml,70ml,Rs. 120
Cow & Gate Milk Powder - 3 (1-3 Year) 350g,350g,"Rs. 3,500"
Cow & Gate Milk Powder - 4 (3-6 Year) 350g,350g,"Rs. 3,500"
White Sugar 1kg,1kg,Rs. 300
Nestle Milkmaid 390g,390g,Rs. 500
Elephant House Ice Cream Chocolate 1L,1L,Rs. 575
Elephant House Ice Cream Double Delight 1L,1L,Rs. 590
Reebonn Skin Whitening and Anti-Aging Soap 100g,100g,Rs. 190
BBC Coconut Oil,1 L,"Rs. 1,375"
Munchee Kome Biscuit 90g,90g,Rs. 220
Munchee Kome Biscuit 45g,45g,Rs. 60
Chello Set Yoghurt 80g,80g,Rs. 70
Ambewela Yoghurt 80ml,80ml,Rs. 70
Magic Ice cream Vanilla Cone,,Rs. 160
Magic Ice cream Chocolate Cone,,Rs. 120
Kora Rice 1Kg,1Kg,Rs. 240
Chandanalepa Soap Herbal 100g,100g,Rs. 210
Maliban Milky Sorties Biscuits 325g,325g,Rs. 300
Nestomalt Malt Drink Pack 400g,400g,Rs. 780
Chandanalepa Herbal Cream 20g,20g,Rs. 260
Chandanalepa Herbal Cream 40g,40g,Rs. 360
MD Mustard Cream 170g,170g,Rs. 370
MD Lime Pickle 180g,180g,Rs. 200
MD Mango Chutney 300g,300g,Rs. 280
MD Tomato Sauce 885g,885g,Rs. 550
MD Chilli Sauce 885g,885g,Rs. 600
MD Chilli Sauce 400g,400g,Rs. 570
MD Tomato Sauce 400 g,400 g,Rs. 350
MD Tomato Sauce 200 g,200 g,Rs. 180
MD Tomato Ketchup 200g,200g,Rs. 195
MD Banana Custard Powder 100g,100g,Rs. 70
MD Vanila Custard Powder 100g,100g,Rs. 75
MD Banana Custard Powder 100g,100g,Rs. 75
MD Corn Flour 100g,100g,Rs. 70
MD Cocoa Powder 100g,100g,Rs. 250
MD Cocoa Powder 50g,50g,Rs. 130
MD Baking Powder 50g,50g,Rs. 80
MD Gelatine 30g,30g,Rs. 120
MD Icing Sugar 250g,250g,Rs. 125
MD Strawberry Jelly 200g,200g,Rs. 160
MD Mixed Fruit Jelly 200g,200g,Rs. 160
MD Mixed Fruit Jelly 100g,100g,Rs. 110
MD Orange Delight 2L,2L,"Rs. 1,640"
MD Mixed Fruit Delight 2L,2L,"Rs. 1,640"
MD Mixed Fruit Delight 850ml,850ml,Rs. 740
MD Orange Delight 850ml,850ml,Rs. 770
MD Passion Fruit Cordial,400ml,Rs. 500
MD Orange Cordial 750ml,750ml,Rs. 850
MD Mango Cordial 750ml,750ml,Rs. 850
MD Mixed Fruit Cordial 750ml,750ml,Rs. 850
MD Mixed Fruit Cordial 400ml,400ml,Rs. 300
MD Orange Cordial 400ml,400ml,Rs. 320
MD Mango Cordial 400ml,400ml,Rs. 300
MD Passion Fruit Cordial 400ml,400ml,Rs. 500
MD Strawberry Jam 500g,500g,Rs. 670
MD Mixed Fruit Jam 500g,500g,Rs. 670
MD Pineapple Jam 500g,500g,Rs. 670
MD Mixed Fruit Jam 300g,300g,Rs. 380
MD Mango Jam 300g,300g,Rs. 350
MD Strawberry Jam 300g,300g,Rs. 350
MD Woodapple Jam 300g,300g,Rs. 350
MD Pineapple Jam 225g,225g,Rs. 290
MD Woodapple Jam 225g,225g,Rs. 290
MD Strawberry Jam 150g,150g,Rs. 240
MD Mixed Fruit Jam 225g,225g,Rs. 290
MD Pineapple Jam 150g,150g,Rs. 240
MD Mixed Fruit Jam 150g,150g,Rs. 240
MD Woodapple Jam 150g,150g,Rs. 240
MD Mango Jam 150g,150g,Rs. 240
Munchee Gift Assortment Biscuit 400g,400g,Rs. 400
Motha Quick Set Apple Flavoured Jelly 100g,100g,Rs. 100
Motha Quick Set Strawberry Flavoured Jelly 100g,100g,Rs. 100
Motha Quick Set Mango Flavoured Jelly 100g,100g,Rs. 95
Motha Apple Flavoured Jelly 50g,50g,Rs. 50
Motha Strawberry Flavoured Jelly 50g,50g,Rs. 50
Motha Mix Fruit Flavoured Jelly 100g,100g,Rs. 110
Motha Mango Flavoured Jelly 100g,100g,Rs. 100
Motha Green Gage Flavoured Jelly 100g,100g,Rs. 100
Motha Blueberry Flavoured Jelly 100g,100g,Rs. 110
Motha Strawberry Flavoured Jelly 100g,100g,Rs. 110
Motha Apple Flavoured Jelly 100g,100g,Rs. 110
Motha Lemon Flavoured Jelly 100g,100g,Rs. 110
Motha Orange Flavoured Jelly 100g,100g,Rs. 110
Motha Gelatine 30g,30g,Rs. 148
Motha Vanilla Custard Powder 100g,100g,Rs. 85
Motha Cocoa Powder 50g,50g,Rs. 155
Motha Corn Flour 200g,200g,Rs. 165
Motha Watalappan Pudding Mix 110g,110g,Rs. 110
Motha Watalappan Pudding Mix 110g,110g,Rs. 130
Motha Caramel Pudding Mix 100g,100g,Rs. 110
Motha Icing Sugar 250g,250g,Rs. 240
Emami Gold Turmeric Soap 100g,100g,Rs. 100
Sunlight Detergent 2In1 Clean & Jasmine 1Kg,1Kg,Rs. 530
Elephant House Ice Cream Pani Kaju 80ml,80ml,Rs. 100
Elephant House Ice Cream Fruit & Nut 4L,4L,"Rs. 2,950"
Elephant House Ice Cream Vanilla 2L,2L,Rs. 960
Elephant House Ice Cream Vanilla 1L,1L,Rs. 520
Elephant House Ice Cream Fruit & Nut 1L,1L,Rs. 725
Kotmale Cheese Wedges 120g,120g,Rs. 480
Maliban Classique Biscuits Assortment 500g,500g,Rs. 950
Maliban Krisco Biscuits 215g,215g,Rs. 500
Kist Passion Nector 1000ml,1000ml,Rs. 270
Kist Orange Nectar 1000ml,1000ml,Rs. 260
Kist Mango & Passion Nector 1000ml,1000ml,Rs. 260
Kist Mango & Passion Nector 200ml,200ml,Rs. 100
Kist Mango Nector 200ml,200ml,Rs. 120
Kist Mango & Passion Nector 500ml,500ml,Rs. 150
Kist Orange Nectar 500ml,500ml,Rs. 150
Kist Mango Nector 500ml,500ml,Rs. 250
Kist Ambrella Chutney 450g,450g,Rs. 340
Kist Mango Chutney 250g,250g,Rs. 190
Kist Mango Chutney 460g,460g,Rs. 340
Kist Tomato Sauce 15g,,Rs. 20
Kist Chilli Sauce 375g,375g,Rs. 325
Kist Chilli Sauce 190g,190g,Rs. 170
Kist Tomato Sauce 400g,400g,Rs. 320
Kist Tomato Sauce 200g,200g,Rs. 170
Kist Passion Fruit Cordial 750ml,750ml,Rs. 900
Kist Mixed Fruit Cordial 750ml,750ml,Rs. 900
Kist Passion Fruit Cordial 360ml,360ml,Rs. 270
Kist Mixed Fruit Cordial 360ml,360ml,Rs. 270
Kist Mango Jam 510g,510g,Rs. 300
Kist Mixed Fruit Jam 510g,510g,Rs. 350
Kist WoodApple Jam 510g,510g,Rs. 300
Kist Real Strawberry Jam 510g,510g,Rs. 335
Kist Mixed Fruit Jam 300g,300g,Rs. 240
Kist Real Strawberry Jam 300g,300g,Rs. 220
Kist Pineapple Jam 300g,300g,Rs. 240
Kist Strawberry Flavoured Jam 200g,200g,Rs. 170
Kist Mixed Fruit Jam 200g,200g,Rs. 170
Wijaya Turmeric Powder 50g,50g,Rs. 165
Basmati Rice 1Kg,1Kg,Rs. 693
Ruhunu Rasam 100g,100g,Rs. 90
Ruhunu Turmeric Powder 50g,50g,Rs. 300
Sunlight Care Naturals Lavender 200g,200g,Rs. 50
Sunlight Care Naturals Lavender 1Kg,1Kg,Rs. 550
Rebecca Lee Herbal Baby Soap 100g,100g,Rs. 140
Pelwatte Set Yoghurt 80g,80g,Rs. 70
Johnson & Johnson Baby Milk Soap 75g,75g,Rs. 100
Johnson's Baby Blossom Soap 75g,75g,Rs. 120
Johnson's Baby Bath Milk+Rice 100ml,100ml,Rs. 275
Chello Strawberry Drinking Yoghurt 180ml,180ml,Rs. 150
Anchor Newdale Set Yoghurt 80g,80g,Rs. 60
Ratthi Set Yoghurt 80g,80g,Rs. 60
Harischandra Senola Soap 70g,70g,Rs. 130
Harischandra Namal Soap 70g,70g,Rs. 130
Harischandra Aththora Soap 70g,70g,Rs. 130
Harischandra White Rice Flour 400g,400g,Rs. 280
Nan Grow Milk Powder - 1 350g,350g,"Rs. 2,500"
Sunsilk Shampoo Thick & Long 80ml,80ml,Rs. 190
Sunsilk Conditioner Soft Smooth 80ml,80ml,Rs. 190
Cargills Fruit & Nut Ice cream Stick 80ml,80ml,Rs. 100
Maliban Smart Cream Cracker 230g,230g,Rs. 240
Nan Grow Milk Powder - 2 350g,350g,"Rs. 2,500"
Cargills Magic Choc Chocolate Ice cream Stick 75ml,75ml,Rs. 120
Cargills Magic Magic Faluda Ice Cream Stick 75ml,75ml,Rs. 90
Nan Grow Milk Powder - 3 350g,350g,"Rs. 2,000"
Pure Dale Kirithe 400g,400g,Rs. 850
Pure Dale Kirithe 1Kg,1Kg,"Rs. 2,200"
Brown Sugar 1kg,1kg,Rs. 420
Ponds Magic Freshness Talc Acacia Honey 100g,100g,Rs. 190
Sunsilk Shampoo Black Shine Sachet 6.5ml,5ml,Rs. 8
Sunlight Lemon and Rose Washing Powder 60g,60g,Rs. 10
Sunlight Sakura Washing Powder 60g,60g,Rs. 10
Sunlight Sakura Washing Powder 500g,500g,Rs. 99
Sunlight Lemon and Rose Washing Powder 550g,550g,Rs. 99
Sunlight Lemon and Rose Washing Powder 400g,400g,Rs. 160
Sunlight Lemon and Rose Washing Powder 400g,400g,Rs. 80
Sunlight Lemon and Rose Washing Powder 200g,200g,Rs. 40
Sunlight Sakura Washing Powder 200g,200g,Rs. 40
Sunlight Nil Manel Laundry Bar 110g,110g,Rs. 130
Sunlight Care Laundry Bar 110g,110g,Rs. 130
Sunlight Lemon and Rose Washing Powder 1kg,1kg,Rs. 370
Sunlight Clean & Lemon Washing Powder 1Kg,1Kg,Rs. 370
Sunlight Clean and Jasmin Washing Powder 1Kg,1Kg,Rs. 530
Sunlight Care Detergent Soap 115g,115g,Rs. 210
Sunlight Sakura Washing Powder 1Kg,1Kg,Rs. 370
Sunlight Yellow Laundry Bar 110g,110g,Rs. 130
Watawala Tea 200g,200g,Rs. 560
Watawala Green Tea 30g,30g,Rs. 130
Watawala Green Tea Bag Pack 50g,50g,Rs. 390
Zesta Tea Bag Pack 100g,100g,Rs. 270
Zesta Tea Bag Pack 50g,50g,Rs. 150
Rankahata Tea 50g,50g,Rs. 45
Rankahata Tea 100g,100g,Rs. 100
Rankahata Tea 190g,190g,Rs. 210
Khenaizi Crown Country Dates 500g,500g,"Rs. 1,200"
Watawala Tea 400g,400g,Rs. 670
Watawala Tea 400g,400g,"Rs. 1,190"
Watawala Tea 100g,100g,Rs. 280
Watawala Tea 50g,50g,Rs. 155
Rin Washing Powder 1Kg,1Kg,Rs. 350
Rin Washing Powder 500g,500g,Rs. 90
Rin Washing Powder 40g,40g,Rs. 10
Lipton Ceylonta Tea 200g,200g,Rs. 270
Kotmale Mozzarella Cheese 500g,500g,"Rs. 1,980"
Harischandra Noodles With Kurakkan 400g,400g,Rs. 340
Red Dhal Small Seeds 1Kg,1Kg,Rs. 360
Horlicks Malted Food Drink 400g,400g,Rs. 970
Viva Malted Food Drink 400g,400g,Rs. 920
Bonlac Non Fat Milk Powder 400g,400g,"Rs. 1,090"
Cow & Gate Milk Powder - 1 (0-6 Month) 200g,200g,"Rs. 3,500"
Cow & Gate Milk Powder - 2 (6-12 Month) 200g,200g,"Rs. 3,500"
White Rice (Kakulu) 1Kg,1Kg,Rs. 200
Red Rice (Kakulu) 1Kg,1Kg,Rs. 175
Atlas Sharpener Magic,,Rs. 40
Maliban Fit & Slim Milk Powder 400g,400g,Rs. 450
Maliban Full Cream Milk Powder 1Kg,1Kg,"Rs. 2,895"
Ambewela Fresh Milk Packet 1L,1L,Rs. 530
Kotmale Plums 250g,250g,Rs. 930
Baby Cheramy Herbal Soap 100g,100g,Rs. 140
Baby Cheramy Regular Soap Almond oil 95g,95g,Rs. 175
Baby Cheramy Floral Soap 100g,100g,Rs. 135
Baby Cheramy Floral Cologne 100g,100g,Rs. 400
Diva Rose Detergent Soap 115g,115g,Rs. 170
Diva Fresh Purple Lotus Soap 115g,115g,Rs. 53
Diva Fresh Jasmine Soap 115g,115g,Rs. 47
Diva Fresh Lemon Soap 115g,115g,Rs. 170
Velvet Honey & Yogurt Soap 95g,95g,Rs. 150
Shield Herbal Soap 100g,100g,Rs. 53
Panda Baby Rathmal Soap 75g,75g,Rs. 195
Panda Baby Delum Soap 75g,75g,Rs. 195
Champion Cool Mint Soap 90g,90g,Rs. 135
Panda Baby Rathmal Eco Pack Soap 75gx4,75g,Rs. 740
Panda Baby Delum Eco Pack Soap 75gx4,75g,Rs. 740
Misumi Floral Whitening Beauty Soap 90g,90g,Rs. 200
Khomba Baby Herbal Soap 70g*5,70g,Rs. 675
Khomba Baby Herbal Soap 70g,70g,Rs. 140
Lak Bar Soap 650g,650g,Rs. 900
Siddhalepa Kekulu Hibiscus Soap 70g,70g,Rs. 170
4rever Seaweed Nourishing Face Wash 50ml,50ml,Rs. 175
4rever Tea Tree Oil Foaming Face wash 50ml,50ml,Rs. 150
4rever Kohomba Kaha Whitening Face Wash 50ml,50ml,Rs. 195
4rever Kohomba Kaha Whitening Face Wash 100ml,100ml,Rs. 330
4rever Gold Whitening Face Wash Unisex 50ml,50ml,Rs. 220
4rever Gold Whitening Face Wash Unisex 100ml,100ml,Rs. 350
4rever Rose Anti Acne Face Wash 50ml,50ml,Rs. 190
4rever Rose Anti Acne Face Wash 100ml,100ml,Rs. 330
4rever Venivel Whitening Face Wash 50ml,50ml,Rs. 195
4rever Venivel Whitening Face Wash 100ml,100ml,Rs. 330
4ever Hibiscus Body Lotion 100ml,100ml,Rs. 230
4rever Kohomba Kaha Body Lotion 100ml,100ml,Rs. 230
4rever Kohomba Kaha Moisturizing Body Lotion 200ml,200ml,Rs. 380
4rever Venivel Body Lotion 100ml,100ml,Rs. 230
4rever Venivel Body Lotion 200ml,200ml,Rs. 380
4rever Aloe Lavender Body Lotion 200ml,200ml,Rs. 400
4rever Milk Aloe Lavender Body Lotion 100ml,100ml,Rs. 240
4rever Gold Whitening Body Milk 100ml,100ml,Rs. 250
4rever Aloe Vera Skin Toner 100ml,100ml,Rs. 230
4rever Kohomba Kaha Skin Toner 100ml,100ml,Rs. 230
4rever Fair and Beauty Cream 25g,25g,Rs. 190
4rever Sun Control Cream 50g,50g,Rs. 430
4rever Venivel 5 Mins Clean Up 60g,60g,Rs. 550
4rever Kohomba Kaha Moisturising Cream 100g,100g,Rs. 300
4rever Kohomba Kaha Face Pack 60g,60g,Rs. 330
4rever Kohomba Kaha Deep Cleansing Milk 100g,100g,Rs. 320
4rever Cucumber Cleansing Milk 100g,100g,Rs. 350
4rever Lunuwila Anti Acne Treatment Soap 45g,45g,Rs. 270
4rever Lunuwila Anti Dandruff Shampoo 80ml,80ml,Rs. 160
4rever Venivel Whitening Body Wash 300ml,300ml,Rs. 490
4rever Under Eye Gel 15ml,15ml,Rs. 650
4rever Foot Cream 50g,50g,Rs. 300
4rever Foot Cream 100g,100g,Rs. 450
Maliban Kahata Poronduwa 50g,50g,Rs. 45
Maliban Kahata Poronduwa 100g,100g,Rs. 90
Anchor From Pure Fresh Milk Packet 1L,1L,Rs. 540
Maliban Lemon Puff 100g,100g,Rs. 130
Ocean Star Mackerel Canned Fish 425g,425g,Rs. 690
Maliban Smart Cream Crackers Biscuit,190g,Rs. 240
Maliban Spicy Crackers Biscuit 170g,170g,Rs. 280
Maliban Chocolate Puff Biscuit 100g,100g,Rs. 160
Maliban Chocolate Puff Biscuit 200g,200g,Rs. 200
Maliban Hawaiian Cookies Biscuit 100g,100g,Rs. 150
Maliban Hawaiian Cookies Biscuit 200g,200g,Rs. 320
Maliban Real Chocolate Cream Biscuit 45g,45g,Rs. 30
Maliban Real Chocolate Cream Biscuit 100g,100g,Rs. 130
Maliban Real Chocolate Cream Biscuit 200g,200g,Rs. 260
Maliban Ginger Biscuit,80g,Rs. 90
Maliban Lemon Puff Biscuit 200g,200g,Rs. 200
Maliban Lemon Puff Biscuit 400g,400g,Rs. 540
Maliban Vanilla Wafers Biscuit 400g,400g,Rs. 630
Maliban Chocolate Wafers Biscuit 400g,400g,Rs. 630
Maliban Family Collection Biscuit 250g,250g,Rs. 330
Maliban Krisco Biscuits 170g,170g,Rs. 180
Maliban Gold Marie Biscuit 230g,230g,Rs. 300
Maliban Light Marie Biscuit 220g,220g,Rs. 110
Wijaya Fenugreek Seeds 50g,50g,Rs. 40
Wijaya Mustard Seed 50g,50g,Rs. 25
Wijaya Garcinia 50g,50g,Rs. 45
Wijaya Sago 100g,100g,Rs. 80
Wijaya Pappadam 70g,70g,Rs. 105
Wijaya Soya Nuggets 90g,90g,Rs. 75
Wijaya Coriander Seeds 100g,100g,Rs. 90
Wijaya Mustard Seed 100g,100g,Rs. 90
Wijaya Coffee 100g,100g,Rs. 150
Wijaya Meat Curry Powder 100g,100g,Rs. 125
Wijaya Chillie Pieces 50g,50g,Rs. 135
Wijaya Curry Powder,50g,Rs. 85
Wijaya Pepper Powder 100g,100g,Rs. 225
Wijaya Pepper Powder 50g,50g,Rs. 190
Wijaya Roasted Curry Power 100g,100g,Rs. 280
Red Dhal Large Seeds 1Kg,1Kg,Rs. 370
Wijaya Meat Curry Powder 100g,100g,Rs. 270
Wijaya Chilli Powder 100g,100g,Rs. 160
Wijaya Chillie Pieces 100g,100g,Rs. 200
Wijaya Chillie Pieces 250g,250g,Rs. 725
Wijaya Table Salt 400g,400g,Rs. 60
Wijaya Table Salt 1Kg,1Kg,Rs. 130
Wijaya Curry Powder 500g,500g,Rs. 800
Wijaya Chinese Noodles 500g,500g,Rs. 220
Wijaya Noodles 400g,400g,Rs. 240
Wijaya White String Hopper Flour 1kg,1kg,Rs. 195
Wijaya Red String Hopper Flour 1kg,1kg,Rs. 205
Wijaya Fenugreek Seeds 100g,100g,Rs. 80
Wijaya Goraka Cream 100g,100g,Rs. 90
Munchee Lemon Cream Wafers Biscuit,85g,Rs. 100
Munchee Vanilla Wafers Biscuit 85g,85g,Rs. 70
Munchee Bran Cracker Biscuit 160g,160g,Rs. 100
Munchee Ringo Biscuit 260g,260g,Rs. 230
Munchee Nice Biscuits 400g,400g,Rs. 340
Munchee Cheese Button Biscuits 215g,215g,Rs. 700
Munchee Cheese Button Biscuits 170g,170g,Rs. 500
Munchee Hawaiian Cookies Biscuits 100g,100g,Rs. 130
Munchee Choco Cream Biscuit 210g,210g,Rs. 200
Munchee Ringo Biscuit 50g,50g,Rs. 40
Munchee Nice Biscuits 100g,100g,Rs. 70
Munchee Choco Cream Biscuit 100g,100g,Rs. 130
Munchee Choco Puff Biscuit 200g,200g,Rs. 200
Munchee Lemon Puff Biscuit 200g,200g,Rs. 260
Munchee Tifin Biscuit 125g,125g,Rs. 200
Munchee Lemon Puff Biscuit 100g,100g,Rs. 130
Munchee Super Cream Cracker Biscuit 95g,95g,Rs. 70
Munchee Super Cream Cracker Biscuit 190g,190g,Rs. 190
Munchee Super Cream Cracker Biscuit 490g,490g,Rs. 360
Munchee Super Cream Cracker Biscuit 125g,125g,Rs. 160
Maliban Full Cream Milk Powder 18g,18g,Rs. 20
Maliban Full Cream Milk Powder 400g,400g,"Rs. 1,080"
Maliban Full Cream Milk Powder 150g,150g,Rs. 475
Cow & Gate Milk Powder - 4 Tin 400g,400g,"Rs. 3,500"
Maliban Full Cream Milk Powder 60g,60g,Rs. 185
Maliban Malt Food Drink 400g,400g,Rs. 340
Nestomalt Packet,600g,"Rs. 1,320"
Nestomalt Malt Drink Pack 400g,400g,Rs. 440
Nestomalt Malt Drink Tin 400g,400g,Rs. 580
Daily Active Malt Chocolate 180ml,180ml,Rs. 100
Ambewela Fresh Milk Packet 180ml,180ml,Rs. 120
Sunlight Detergent 2In1 Clean & Jasmine 1Kg,1Kg,Rs. 530
Pelwatte Full Cream Milk Powder 400g,400g,"Rs. 1,080"
Anlene Low Fat Milk Powder 400g,400g,"Rs. 1,090"
Pure Dale Full Cream Milk Powder 400g,400g,"Rs. 1,140"
Pelwatte Butter (Salted) 200g,200g,Rs. 830
Harischandra Red Rice String Hopper Flour 700g,700g,Rs. 280
Maliban Malted Food Drink 400g,400g,Rs. 920
Big Onion,1 Kg,Rs. 400
Air Freshener Block,,Rs. 165
Air Freshner-Gardinia,550ml,Rs. 640
Air Freshner-Jesmine,550ml,Rs. 640
Air Freshner 550ml Lavender,,Rs. 640
Air Freshner 550ml Orange,,Rs. 640
Air Freshner 550ml Rose,,Rs. 640
Air Freshner 550ml Strawbery,,Rs. 640
Air Freshner 550ml Sandlwood,,Rs. 640
Dish Wash 4L,4L,Rs. 970
Disinfactant Pine Oil,750ml,Rs. 265
Glass Cleaner,550ml,Rs. 475
Hand Wash,,Rs. 235
Laundry Liquid 1L,1L,Rs. 495
Maxol Dish Liquid 250ml Lime,250ml,Rs. 100
Maxol Dish Liquid 250ml Orange,250ml,Rs. 100
Maxol Dish Liquid 500ml Lime,500ml,Rs. 180
Scouring Powder 500g,500g,Rs. 175
Tile Cleaner 1L,1L,Rs. 380
Toilet Bowl Cleaner 4L Rose,4L,Rs. 970
Air Freshner 150ml Fantastic,150ml,Rs. 285
Air Freshner 150ml Volly,150ml,Rs. 285
Hand Sanitizer 4L,4L,"Rs. 3,700"
Brake Oil Red,50ml,Rs. 240
Brake Oil,50ml,Rs. 240
Car Wash,250ml,Rs. 330
Engine Cleaner 4L,4L,"Rs. 2,330"
Front Fork Oil 350ml,350ml,"Rs. 1,600"
Grapite Grease Boot 100g,100g,Rs. 510
Leather Conditioner 300ml,300ml,"Rs. 1,075"
Liquid Car Wax,100ml,Rs. 215
Lubromax High Temp,50g,Rs. 140
Max E Plus Economic Fuel Treatment 100ml,100ml,Rs. 260
Radiator Coolant 4L Max,4L,"Rs. 1,540"
Power Steering Fluid,225ml,"Rs. 1,130"
Radiator Coolant 4L RTU,Green,"Rs. 2,545"
Radiator Flush 350ml,350ml,Rs. 360
Radiator Coolant Green,500ml,Rs. 485
Radiator Coolant Red,1 L,Rs. 925
Radiator Coolant 1L Blue,1L,Rs. 840
Radiator Coolant Pilot 4L,4L,"Rs. 1,460"
Rubber Grease Tube,10g,Rs. 195
Shock Absober Fluid 325ml,Thin,"Rs. 1,295"
Speed Wax,300ml,Rs. 590
Battery Water,1 L,Rs. 240
Engine Degreaser 1L,1L,"Rs. 1,460"
Super Shine,250ml,Rs. 600
Super Shine Spray 300ml,300ml,"Rs. 1,315"
Tire Shine,225ml,Rs. 840
Tire Shine Spray 300ml,300ml,"Rs. 1,335"
Upholstery Cleaner,500ml,Rs. 575
Wash & Wax,500ml,Rs. 790
Wheel & Tyre Cleaner 390ml,390ml,Rs. 495
Windscreen Cleaner 250ml,250ml,Rs. 260
Carnauba Spray Wax 200ml,200ml,Rs. 215
Antifreeze Hybrid Coolant 1L,Blue,"Rs. 2,155"
Microfiber Cloth (Large),,Rs. 360
Microfiber Cloth-Wash Mit,,Rs. 575
Alipera,,Rs. 100
Ambaralla,,Rs. 100
Annasi,,Rs. 100
Beli,,Rs. 100
Comadu ,,Rs. 100
Lime,1Kg,Rs. 700
Delum,,Rs. 100
Diul,,Rs. 100
Duriyan,,Rs. 100
Gaslabu,,Rs. 100
Kesel,,Rs. 100
Grape,,Rs. 100
Amla Fruit,,Rs. 100
Passion Fruit,,Rs. 100
Guava,,Rs. 100
Rambutan,,Rs. 100
Soursop,,Rs. 100
Ash gourd,1Kg,Rs. 300
Potato (Lanka),1Kg,Rs. 470
Bandakka,250g,Rs. 87
Beetroot,250g,Rs. 100
Green Beans,1Kg,Rs. 700
Wing Beans,250g,Rs. 105
Pennywort Leaves,,Rs. 90
Cabbage,1Kg,Rs. 450
Ginger,100g,Rs. 145
Chinese potatoes,,Rs. 100
Marrow,250g,Rs. 45
Water Spinach Leaves,,Rs. 90
Curry Leaves,,Rs. 50
Bitter Gourd,1Kg,Rs. 800
Carrot,1Kg,Rs. 320
Plantation Flower,250g,Rs. 45
Leeks,1Kg,Rs. 800
Capsicum,1Kg,"Rs. 1,100"
Cassava,500g,Rs. 170
Sessile Joyweed Leaves,,Rs. 90
Drumstick,250g,Rs. 100
Knol Khol,1Kg,Rs. 550
Radish,,Rs. 100
Mushroom,1 Pkt,Rs. 120
Lettuce Leaves,100g,Rs. 110
Horse Purslane Leaves,,Rs. 90
Tomato,1Kg,Rs. 700
Brinjal,1 Kg,Rs. 900
Ridge Gourd,250g,Rs. 80
Pumpkin,1Kg,Rs. 350
Lotus Root,,Rs. 100
Green Chili,100g,Rs. 140
Cushion 1,,"Rs. 1,590"
Cushion 2,,"Rs. 1,590"
Cushion 3,,"Rs. 1,590"
Cushion 4,,"Rs. 1,590"
Cushion 5,,"Rs. 1,590"
Cushion 6,,"Rs. 1,590"
Cushion 7,,"Rs. 1,590"
Cushion 8,,"Rs. 1,590"
Cushion 9,,"Rs. 1,590"
Cushion 10,,"Rs. 1,590"
Pillow 1,,"Rs. 1,950"
Pillow 2,,"Rs. 1,950"
Pillow 3,,"Rs. 1,950"
Tote Bag 1,,"Rs. 1,795"
Tote Bag 2,,"Rs. 1,795"
Pouch 1,,"Rs. 1,100"
Pouch 2,,"Rs. 1,100"
Pouch 3,,"Rs. 1,100"
Pouch 4,,"Rs. 1,100"
Sack Bag 1,,"Rs. 1,950"
Sack Bag 2,,Rs. 490
Sack Bag 3,,Rs. 490
Pouch 5,,"Rs. 1,100"
Pouch 6,,"Rs. 1,100"
T Shirt 1,,"Rs. 1,890"
T Shirt 2,,"Rs. 1,890"
Ladies Dress 1,,"Rs. 2,000"
Ladies Dress 2,,"Rs. 2,000"
Ladies Dress 3,,"Rs. 2,000"
Sera Coconut Milk,,Rs. 135
Anchor Milk Powder 400g,400g,"Rs. 1,080"
Green Gram,500g,Rs. 825
Peas,,Rs. 360
Egg (Pack),,Rs. 55
Chicken Breast 1Kg,1 Kg,"Rs. 1,990"
Dry Fish (Katta),250g,Rs. 812
Dry Fish (Thalapath),,Rs. 930
Maggi Noodles 73g,73g,Rs. 125
Sliced Bread 325g,325g,Rs. 220
Instant Oats,500g,Rs. 775
White Rice (Samba) 1Kg,1Kg,Rs. 230
Lipton Ceylonta Black Tea Bags 50s 100g,100g,Rs. 700
Renuka Coconut Milk Powder,150g,Rs. 395
Wijaya Chilli Powder 50g,50g,Rs. 80
Tess Jack Tuna Mackerel Fish 425g,425g,Rs. 690
Wijaya Roasted Chilli Powder 100g,100g,Rs. 300
Wijaya Roasted Chilli Powder 50g,50g,Rs. 180
White Rice (Keeri Samba) 1Kg,1Kg,Rs. 380
Diamond Jack Mackerel Fish 425g,425g,Rs. 850
Dry Fish (Halmassa),1Kg,"Rs. 1,400"
Prima Kottu Mee 80g,80g,Rs. 130
Red Onion,1Kg,Rs. 620
Harischandra Special Noodles 400g,400g,Rs. 340
Raigam Soya Meat Chicken 90g,90g,Rs. 170
Raigam Soya Meat Polos Ambula 90g,90g,Rs. 170
Sera Coconut Milk 1L,1L,Rs. 480
MD Chinese Chilli Past With Maldive Fish,,Rs. 880
Ice Cream Cones 100 Nos Pack,,Rs. 720
